Reference,Pin,E6,E7,Change
C1,1,/VREF_DIV,/VREF_DIV,unchanged
C1,2,GND,GND,unchanged
C10,1,3V3,3V3,unchanged
C10,2,GND,GND,unchanged
C11,1,3V3,3V3,unchanged
C11,2,GND,GND,unchanged
C12,1,3V3,3V3,unchanged
C12,2,GND,GND,unchanged
C13,1,3V3,3V3,unchanged
C13,2,GND,GND,unchanged
C14,1,3V3,3V3,unchanged
C14,2,GND,GND,unchanged
C15,1,3V3_A,3V3_A,unchanged
C15,2,GND,GND,unchanged
C16,1,3V3,3V3,unchanged
C16,2,GND,GND,unchanged
C17,1,3V3,3V3,unchanged
C17,2,GND,GND,unchanged
C18,1,3V3,3V3,unchanged
C18,2,GND,GND,unchanged
C19,1,3V3,3V3,unchanged
C19,2,GND,GND,unchanged
C2,1,3V3,3V3,unchanged
C2,2,GND,GND,unchanged
C20,1,3V3,3V3,unchanged
C20,2,GND,GND,unchanged
C21,1,3V3_A,3V3_A,unchanged
C21,2,GND,GND,unchanged
C22,1,3V3_A,3V3_A,unchanged
C22,2,GND,GND,unchanged
C23,1,3V3_A,3V3_A,unchanged
C23,2,GND,GND,unchanged
C24,1,3V3,,removed
C24,2,GND,,removed
C25,1,3V3,3V3,unchanged
C25,2,GND,GND,unchanged
C26,1,3V3,3V3,unchanged
C26,2,GND,GND,unchanged
C27,1,3V3_A,3V3_A,unchanged
C27,2,GND,GND,unchanged
C28,1,3V3,3V3,unchanged
C28,2,GND,GND,unchanged
C29,1,/ADC_A,/ADC_A,unchanged
C29,2,GND,GND,unchanged
C3,1,3V3_A,3V3_A,unchanged
C3,2,GND,GND,unchanged
C30,1,/ADC_B,/ADC_B,unchanged
C30,2,GND,GND,unchanged
C31,1,VREF_1V65,VREF_1V65,unchanged
C31,2,GND,GND,unchanged
C32,1,/NRST,/NRST,unchanged
C32,2,GND,GND,unchanged
C33,1,/PULSE_C,/PULSE_C,unchanged
C33,2,/PULSE_RC,/PULSE_RC,unchanged
C34,1,/PULSE_C,/PULSE_C,unchanged
C34,2,/PULSE_RC,/PULSE_RC,unchanged
C35,1,3V3,3V3,unchanged
C35,2,GND,GND,unchanged
C36,1,3V3,3V3,unchanged
C36,2,GND,GND,unchanged
C37,1,VIN_3V3,VIN_3V3,unchanged
C37,2,GND,GND,unchanged
C38,1,/INRUSH_RC,/INRUSH_RC,unchanged
C38,2,GND,GND,unchanged
C4,1,3V3_A,3V3_A,unchanged
C4,2,GND,GND,unchanged
C40,1,3V3,3V3,unchanged
C40,2,GND,GND,unchanged
C44,1,3V3_A,3V3_A,unchanged
C44,2,GND,GND,unchanged
C45,1,3V3,,removed
C45,2,GND,,removed
C46,1,3V3_A,3V3_A,unchanged
C46,2,GND,GND,unchanged
C47,1,3V3,3V3,unchanged
C47,2,GND,GND,unchanged
C48,1,VIN_HOST,VIN_HOST,unchanged
C48,2,GND,GND,unchanged
C49,1,VIN_3V3,VIN_3V3,unchanged
C49,2,GND,GND,unchanged
C5,1,3V3_A,3V3_A,unchanged
C5,2,GND,GND,unchanged
C6,1,3V3_A,3V3_A,unchanged
C6,2,GND,GND,unchanged
C7,1,3V3_A,3V3_A,unchanged
C7,2,GND,GND,unchanged
C8,1,3V3_A,3V3_A,unchanged
C8,2,GND,GND,unchanged
C9,1,3V3_A,3V3_A,unchanged
C9,2,GND,GND,unchanged
CF1,1,/TIA1,/TIA1,unchanged
CF1,2,/PD_IN1,/PD_IN1,unchanged
CF10,1,/TIA10,/TIA10,unchanged
CF10,2,/PD_IN10,/PD_IN10,unchanged
CF11,1,/TIA11,/TIA11,unchanged
CF11,2,/PD_IN11,/PD_IN11,unchanged
CF12,1,/TIA12,/TIA12,unchanged
CF12,2,/PD_IN12,/PD_IN12,unchanged
CF13,1,/TIA13,/TIA13,unchanged
CF13,2,/PD_IN13,/PD_IN13,unchanged
CF14,1,/TIA14,/TIA14,unchanged
CF14,2,/PD_IN14,/PD_IN14,unchanged
CF15,1,/TIA15,/TIA15,unchanged
CF15,2,/PD_IN15,/PD_IN15,unchanged
CF16,1,/TIA16,/TIA16,unchanged
CF16,2,/PD_IN16,/PD_IN16,unchanged
CF2,1,/TIA2,/TIA2,unchanged
CF2,2,/PD_IN2,/PD_IN2,unchanged
CF3,1,/TIA3,/TIA3,unchanged
CF3,2,/PD_IN3,/PD_IN3,unchanged
CF4,1,/TIA4,/TIA4,unchanged
CF4,2,/PD_IN4,/PD_IN4,unchanged
CF5,1,/TIA5,/TIA5,unchanged
CF5,2,/PD_IN5,/PD_IN5,unchanged
CF6,1,/TIA6,/TIA6,unchanged
CF6,2,/PD_IN6,/PD_IN6,unchanged
CF7,1,/TIA7,/TIA7,unchanged
CF7,2,/PD_IN7,/PD_IN7,unchanged
CF8,1,/TIA8,/TIA8,unchanged
CF8,2,/PD_IN8,/PD_IN8,unchanged
CF9,1,/TIA9,/TIA9,unchanged
CF9,2,/PD_IN9,/PD_IN9,unchanged
D1,1,3V3,3V3,unchanged
D1,2,/LED_K1,/LED_K1,unchanged
D10,1,3V3,3V3,unchanged
D10,2,/LED_K10,/LED_K10,unchanged
D11,1,3V3,3V3,unchanged
D11,2,/LED_K11,/LED_K11,unchanged
D12,1,3V3,3V3,unchanged
D12,2,/LED_K12,/LED_K12,unchanged
D13,1,3V3,3V3,unchanged
D13,2,/LED_K13,/LED_K13,unchanged
D14,1,3V3,3V3,unchanged
D14,2,/LED_K14,/LED_K14,unchanged
D15,1,3V3,3V3,unchanged
D15,2,/LED_K15,/LED_K15,unchanged
D16,1,3V3,3V3,unchanged
D16,2,/LED_K16,/LED_K16,unchanged
D17,1,VIN_HOST,VIN_HOST,unchanged
D17,2,GND,GND,unchanged
D18,1,/NRST_EXT,/NRST_EXT,unchanged
D18,2,GND,GND,unchanged
D19,1,/NRST,/NRST,unchanged
D19,2,GND,GND,unchanged
D2,1,3V3,3V3,unchanged
D2,2,/LED_K2,/LED_K2,unchanged
D20,1,/STATUS_LED_N,/STATUS_LED_N,unchanged
D20,2,/STATUS_A,/STATUS_A,unchanged
D3,1,3V3,3V3,unchanged
D3,2,/LED_K3,/LED_K3,unchanged
D4,1,3V3,3V3,unchanged
D4,2,/LED_K4,/LED_K4,unchanged
D5,1,3V3,3V3,unchanged
D5,2,/LED_K5,/LED_K5,unchanged
D6,1,3V3,3V3,unchanged
D6,2,/LED_K6,/LED_K6,unchanged
D7,1,3V3,3V3,unchanged
D7,2,/LED_K7,/LED_K7,unchanged
D8,1,3V3,3V3,unchanged
D8,2,/LED_K8,/LED_K8,unchanged
D9,1,3V3,3V3,unchanged
D9,2,/LED_K9,/LED_K9,unchanged
FB1,1,3V3,3V3,unchanged
FB1,2,3V3_A,3V3_A,unchanged
J1,1,VIN_HOST,VIN_HOST,unchanged
J1,2,GND,GND,unchanged
J1,3,/HOST_TX,/HOST_TX,unchanged
J1,4,/HOST_RX,/HOST_RX,unchanged
J1,5,/NRST_EXT,/NRST_EXT,unchanged
J2,1,3V3,3V3,unchanged
J2,10,/NRST,/NRST,unchanged
J2,2,/SWDIO,/SWDIO,unchanged
J2,3,GND,GND,unchanged
J2,4,/SWCLK,/SWCLK,unchanged
J2,5,unconnected-(J2-Pin_5-Pad5),unconnected-(J2-Pin_5-Pad5),unchanged
J2,6,unconnected-(J2-Pin_6-Pad6),unconnected-(J2-Pin_6-Pad6),unchanged
J2,7,unconnected-(J2-Pin_7-Pad7),unconnected-(J2-Pin_7-Pad7),unchanged
J2,8,unconnected-(J2-Pin_8-Pad8),unconnected-(J2-Pin_8-Pad8),unchanged
J2,9,unconnected-(J2-Pin_9-Pad9),unconnected-(J2-Pin_9-Pad9),unchanged
PD1,1,GND,GND,unchanged
PD1,2,/PD_IN1,/PD_IN1,unchanged
PD10,1,GND,GND,unchanged
PD10,2,/PD_IN10,/PD_IN10,unchanged
PD11,1,GND,GND,unchanged
PD11,2,/PD_IN11,/PD_IN11,unchanged
PD12,1,GND,GND,unchanged
PD12,2,/PD_IN12,/PD_IN12,unchanged
PD13,1,GND,GND,unchanged
PD13,2,/PD_IN13,/PD_IN13,unchanged
PD14,1,GND,GND,unchanged
PD14,2,/PD_IN14,/PD_IN14,unchanged
PD15,1,GND,GND,unchanged
PD15,2,/PD_IN15,/PD_IN15,unchanged
PD16,1,GND,GND,unchanged
PD16,2,/PD_IN16,/PD_IN16,unchanged
PD2,1,GND,GND,unchanged
PD2,2,/PD_IN2,/PD_IN2,unchanged
PD3,1,GND,GND,unchanged
PD3,2,/PD_IN3,/PD_IN3,unchanged
PD4,1,GND,GND,unchanged
PD4,2,/PD_IN4,/PD_IN4,unchanged
PD5,1,GND,GND,unchanged
PD5,2,/PD_IN5,/PD_IN5,unchanged
PD6,1,GND,GND,unchanged
PD6,2,/PD_IN6,/PD_IN6,unchanged
PD7,1,GND,GND,unchanged
PD7,2,/PD_IN7,/PD_IN7,unchanged
PD8,1,GND,GND,unchanged
PD8,2,/PD_IN8,/PD_IN8,unchanged
PD9,1,GND,GND,unchanged
PD9,2,/PD_IN9,/PD_IN9,unchanged
R1,1,/IREF,/IREF,unchanged
R1,2,GND,GND,unchanged
R10,1,3V3,3V3,unchanged
R10,2,/LED_BLANK,/LED_BLANK,unchanged
R11,1,/DRIVE_A,/DRIVE_A,unchanged
R11,2,/ADC_A,/ADC_A,unchanged
R12,1,/DRIVE_B,/DRIVE_B,unchanged
R12,2,/ADC_B,/ADC_B,unchanged
R13,1,/VREF_BUF,/VREF_BUF,unchanged
R13,2,VREF_1V65,VREF_1V65,unchanged
R14,1,/NRST_EXT,/NRST_EXT,unchanged
R14,2,/NRST,/NRST,unchanged
R15,1,3V3,3V3,unchanged
R15,2,/PULSE_RC,/PULSE_RC,unchanged
R16,1,/LED_ENABLE,/LED_ENABLE,unchanged
R16,2,GND,GND,unchanged
R17,1,3V3,3V3,unchanged
R17,2,/STATUS_A,/STATUS_A,unchanged
R18,1,VIN_3V3,VIN_3V3,unchanged
R18,2,/OV_SENSE,/OV_SENSE,unchanged
R19,1,/OV_SENSE,/OV_SENSE,unchanged
R19,2,GND,GND,unchanged
R2,1,3V3_A,3V3_A,unchanged
R2,2,/VREF_DIV,/VREF_DIV,unchanged
R20,1,/ILIM_SET,/ILIM_SET,unchanged
R20,2,GND,GND,unchanged
R27,1,/MUX_EN_N,/MUX_EN_N,unchanged
R27,2,3V3,3V3,unchanged
R28,1,VIN_3V3,VIN_3V3,unchanged
R28,2,/INPUT_OK,/INPUT_OK,unchanged
R29,1,/INPUT_ILIM,/INPUT_ILIM,unchanged
R29,2,GND,GND,unchanged
R3,1,/VREF_DIV,/VREF_DIV,unchanged
R3,2,GND,GND,unchanged
R4,1,3V3,3V3,unchanged
R4,2,/NRST,/NRST,unchanged
R5,1,/BOOT0,/BOOT0,unchanged
R5,2,GND,GND,unchanged
R6,1,3V3,3V3,unchanged
R6,2,/I2C_SCL,/I2C_SCL,unchanged
R7,1,3V3,3V3,unchanged
R7,2,/I2C_SDA,/I2C_SDA,unchanged
R8,1,/UART_TX,/UART_TX,unchanged
R8,2,/HOST_TX,/HOST_TX,unchanged
R9,1,/HOST_RX,/HOST_RX,unchanged
R9,2,/UART_RX,/UART_RX,unchanged
RF1,1,/TIA1,/TIA1,unchanged
RF1,2,/PD_IN1,/PD_IN1,unchanged
RF10,1,/TIA10,/TIA10,unchanged
RF10,2,/PD_IN10,/PD_IN10,unchanged
RF11,1,/TIA11,/TIA11,unchanged
RF11,2,/PD_IN11,/PD_IN11,unchanged
RF12,1,/TIA12,/TIA12,unchanged
RF12,2,/PD_IN12,/PD_IN12,unchanged
RF13,1,/TIA13,/TIA13,unchanged
RF13,2,/PD_IN13,/PD_IN13,unchanged
RF14,1,/TIA14,/TIA14,unchanged
RF14,2,/PD_IN14,/PD_IN14,unchanged
RF15,1,/TIA15,/TIA15,unchanged
RF15,2,/PD_IN15,/PD_IN15,unchanged
RF16,1,/TIA16,/TIA16,unchanged
RF16,2,/PD_IN16,/PD_IN16,unchanged
RF2,1,/TIA2,/TIA2,unchanged
RF2,2,/PD_IN2,/PD_IN2,unchanged
RF3,1,/TIA3,/TIA3,unchanged
RF3,2,/PD_IN3,/PD_IN3,unchanged
RF4,1,/TIA4,/TIA4,unchanged
RF4,2,/PD_IN4,/PD_IN4,unchanged
RF5,1,/TIA5,/TIA5,unchanged
RF5,2,/PD_IN5,/PD_IN5,unchanged
RF6,1,/TIA6,/TIA6,unchanged
RF6,2,/PD_IN6,/PD_IN6,unchanged
RF7,1,/TIA7,/TIA7,unchanged
RF7,2,/PD_IN7,/PD_IN7,unchanged
RF8,1,/TIA8,/TIA8,unchanged
RF8,2,/PD_IN8,/PD_IN8,unchanged
RF9,1,/TIA9,/TIA9,unchanged
RF9,2,/PD_IN9,/PD_IN9,unchanged
TP1,1,3V3,3V3,unchanged
TP10,1,3V3,3V3,unchanged
TP11,1,/IMU_INT,/IMU_INT,unchanged
TP12,1,3V3_A,3V3_A,unchanged
TP2,1,GND,GND,unchanged
TP3,1,/UART_TX,/UART_TX,unchanged
TP4,1,/UART_RX,/UART_RX,unchanged
TP5,1,/UART_TX,,removed
TP6,1,/UART_RX,,removed
TP7,1,/SWCLK,/SWCLK,unchanged
TP8,1,/NRST,/NRST,unchanged
TP9,1,VREF_1V65,VREF_1V65,unchanged
U1,1,/LED_LAT,/LED_LAT,unchanged
U1,10,/LED_K9,/LED_K9,unchanged
U1,11,/LED_K10,/LED_K10,unchanged
U1,12,/LED_K11,/LED_K11,unchanged
U1,13,/LED_K12,/LED_K12,unchanged
U1,14,/LED_K13,/LED_K13,unchanged
U1,15,/LED_K14,/LED_K14,unchanged
U1,16,/LED_K15,/LED_K15,unchanged
U1,17,/LED_K16,/LED_K16,unchanged
U1,18,/LED_BLANK,/LED_BLANK,unchanged
U1,19,unconnected-(U1-SOUT-Pad19),unconnected-(U1-SOUT-Pad19),unchanged
U1,2,/LED_K1,/LED_K1,unchanged
U1,20,/IREF,/IREF,unchanged
U1,21,3V3,3V3,unchanged
U1,22,GND,GND,unchanged
U1,23,/LED_SIN,/LED_SIN,unchanged
U1,24,/LED_SCLK,/LED_SCLK,unchanged
U1,25,GND,GND,unchanged
U1,3,/LED_K2,/LED_K2,unchanged
U1,4,/LED_K3,/LED_K3,unchanged
U1,5,/LED_K4,/LED_K4,unchanged
U1,6,/LED_K5,/LED_K5,unchanged
U1,7,/LED_K6,/LED_K6,unchanged
U1,8,/LED_K7,/LED_K7,unchanged
U1,9,/LED_K8,/LED_K8,unchanged
U10,1,GND,GND,unchanged
U10,10,unconnected-(U10-NC-Pad10),unconnected-(U10-NC-Pad10),unchanged
U10,11,unconnected-(U10-NC-Pad11),unconnected-(U10-NC-Pad11),unchanged
U10,12,3V3,3V3,unchanged
U10,13,/I2C_SCL,/I2C_SCL,unchanged
U10,14,/I2C_SDA,/I2C_SDA,unchanged
U10,2,GND,GND,unchanged
U10,3,GND,GND,unchanged
U10,4,/IMU_INT,/IMU_INT,unchanged
U10,5,3V3,3V3,unchanged
U10,6,GND,GND,unchanged
U10,7,GND,GND,unchanged
U10,8,3V3,3V3,unchanged
U10,9,unconnected-(U10-INT2-Pad9),unconnected-(U10-INT2-Pad9),unchanged
U11,1,/HOST_TX,/HOST_TX,unchanged
U11,2,/HOST_RX,/HOST_RX,unchanged
U11,3,GND,GND,unchanged
U12,1,GND,GND,unchanged
U12,2,3V3,3V3,unchanged
U12,3,/LED_ENABLE,/LED_ENABLE,unchanged
U12,4,GND,GND,unchanged
U12,5,/LED_WINDOW,/LED_WINDOW,unchanged
U12,6,/PULSE_C,/PULSE_C,unchanged
U12,7,/PULSE_RC,/PULSE_RC,unchanged
U12,8,3V3,3V3,unchanged
U13,1,unconnected-(U13-NC-Pad1),unconnected-(U13-NC-Pad1),unchanged
U13,2,/LED_WINDOW,/LED_WINDOW,unchanged
U13,3,GND,GND,unchanged
U13,4,/LED_BLANK,/LED_BLANK,unchanged
U13,5,3V3,3V3,unchanged
U14,1,/INPUT_OK,/INPUT_OK,unchanged
U14,10,unconnected-(U14-ITIMER-Pad10),unconnected-(U14-ITIMER-Pad10),unchanged
U14,2,GND,GND,unchanged
U14,3,unconnected-(U14-AUXOFF-Pad3),unconnected-(U14-AUXOFF-Pad3),unchanged
U14,4,unconnected-(U14-~{FLT}-Pad4),unconnected-(U14-~{FLT}-Pad4),unchanged
U14,5,VIN_3V3,VIN_3V3,unchanged
U14,6,3V3,3V3,unchanged
U14,7,/INRUSH_RC,/INRUSH_RC,unchanged
U14,8,GND,GND,unchanged
U14,9,/ILIM_SET,/ILIM_SET,unchanged
U16,1,/DRIVE_A,/DRIVE_A,unchanged
U16,2,/DRIVE_A,/DRIVE_A,unchanged
U16,3,/MUX_A,/MUX_A,unchanged
U16,4,GND,GND,unchanged
U16,5,/MUX_B,/MUX_B,unchanged
U16,6,/DRIVE_B,/DRIVE_B,unchanged
U16,7,/DRIVE_B,/DRIVE_B,unchanged
U16,8,3V3_A,3V3_A,unchanged
U18,1,VIN_3V3,VIN_3V3,unchanged
U18,2,/INPUT_ILIM,/INPUT_ILIM,unchanged
U18,3,unconnected-(U18-FAULT_N-Pad3),unconnected-(U18-FAULT_N-Pad3),unchanged
U18,4,VIN_HOST,VIN_HOST,unchanged
U18,5,GND,GND,unchanged
U18,6,VIN_HOST,VIN_HOST,unchanged
U18,7,GND,GND,unchanged
U19,1,unconnected-(U19-UV_N-Pad1),unconnected-(U19-UV_N-Pad1),unchanged
U19,2,GND,GND,unchanged
U19,3,/OV_SENSE,/OV_SENSE,unchanged
U19,4,VIN_3V3,VIN_3V3,unchanged
U19,5,VIN_3V3,VIN_3V3,unchanged
U19,6,/INPUT_OK,/INPUT_OK,unchanged
U2,1,/TIA1,/TIA1,unchanged
U2,10,VREF_1V65,VREF_1V65,unchanged
U2,11,GND,GND,unchanged
U2,12,VREF_1V65,VREF_1V65,unchanged
U2,13,/PD_IN4,/PD_IN4,unchanged
U2,14,/TIA4,/TIA4,unchanged
U2,2,/PD_IN1,/PD_IN1,unchanged
U2,3,VREF_1V65,VREF_1V65,unchanged
U2,4,3V3_A,3V3_A,unchanged
U2,5,VREF_1V65,VREF_1V65,unchanged
U2,6,/PD_IN2,/PD_IN2,unchanged
U2,7,/TIA2,/TIA2,unchanged
U2,8,/TIA3,/TIA3,unchanged
U2,9,/PD_IN3,/PD_IN3,unchanged
U3,1,/TIA5,/TIA5,unchanged
U3,10,VREF_1V65,VREF_1V65,unchanged
U3,11,GND,GND,unchanged
U3,12,VREF_1V65,VREF_1V65,unchanged
U3,13,/PD_IN8,/PD_IN8,unchanged
U3,14,/TIA8,/TIA8,unchanged
U3,2,/PD_IN5,/PD_IN5,unchanged
U3,3,VREF_1V65,VREF_1V65,unchanged
U3,4,3V3_A,3V3_A,unchanged
U3,5,VREF_1V65,VREF_1V65,unchanged
U3,6,/PD_IN6,/PD_IN6,unchanged
U3,7,/TIA6,/TIA6,unchanged
U3,8,/TIA7,/TIA7,unchanged
U3,9,/PD_IN7,/PD_IN7,unchanged
U4,1,/TIA9,/TIA9,unchanged
U4,10,VREF_1V65,VREF_1V65,unchanged
U4,11,GND,GND,unchanged
U4,12,VREF_1V65,VREF_1V65,unchanged
U4,13,/PD_IN12,/PD_IN12,unchanged
U4,14,/TIA12,/TIA12,unchanged
U4,2,/PD_IN9,/PD_IN9,unchanged
U4,3,VREF_1V65,VREF_1V65,unchanged
U4,4,3V3_A,3V3_A,unchanged
U4,5,VREF_1V65,VREF_1V65,unchanged
U4,6,/PD_IN10,/PD_IN10,unchanged
U4,7,/TIA10,/TIA10,unchanged
U4,8,/TIA11,/TIA11,unchanged
U4,9,/PD_IN11,/PD_IN11,unchanged
U5,1,/TIA13,/TIA13,unchanged
U5,10,VREF_1V65,VREF_1V65,unchanged
U5,11,GND,GND,unchanged
U5,12,VREF_1V65,VREF_1V65,unchanged
U5,13,/PD_IN16,/PD_IN16,unchanged
U5,14,/TIA16,/TIA16,unchanged
U5,2,/PD_IN13,/PD_IN13,unchanged
U5,3,VREF_1V65,VREF_1V65,unchanged
U5,4,3V3_A,3V3_A,unchanged
U5,5,VREF_1V65,VREF_1V65,unchanged
U5,6,/PD_IN14,/PD_IN14,unchanged
U5,7,/TIA14,/TIA14,unchanged
U5,8,/TIA15,/TIA15,unchanged
U5,9,/PD_IN15,/PD_IN15,unchanged
U6,1,/VREF_BUF,/VREF_BUF,unchanged
U6,2,GND,GND,unchanged
U6,3,/VREF_DIV,/VREF_DIV,unchanged
U6,4,/VREF_BUF,/VREF_BUF,unchanged
U6,5,3V3_A,3V3_A,unchanged
U7,1,/TIA9,/TIA9,unchanged
U7,10,/MUX_A1,/MUX_A1,unchanged
U7,11,/MUX_A0,/MUX_A0,unchanged
U7,12,/TIA7,/TIA7,unchanged
U7,13,/TIA1,/TIA1,unchanged
U7,14,/TIA3,/TIA3,unchanged
U7,15,/TIA5,/TIA5,unchanged
U7,16,3V3_A,3V3_A,unchanged
U7,2,/TIA13,/TIA13,unchanged
U7,3,/MUX_A,/MUX_A,unchanged
U7,4,/TIA15,/TIA15,unchanged
U7,5,/TIA11,/TIA11,unchanged
U7,6,/MUX_EN_N,/MUX_EN_N,unchanged
U7,7,unconnected-(U7-NC-Pad7),unconnected-(U7-NC-Pad7),unchanged
U7,8,GND,GND,unchanged
U7,9,/MUX_A2,/MUX_A2,unchanged
U8,1,/TIA10,/TIA10,unchanged
U8,10,/MUX_B1,/MUX_B1,unchanged
U8,11,/MUX_B0,/MUX_B0,unchanged
U8,12,/TIA8,/TIA8,unchanged
U8,13,/TIA2,/TIA2,unchanged
U8,14,/TIA4,/TIA4,unchanged
U8,15,/TIA6,/TIA6,unchanged
U8,16,3V3_A,3V3_A,unchanged
U8,2,/TIA14,/TIA14,unchanged
U8,3,/MUX_B,/MUX_B,unchanged
U8,4,/TIA16,/TIA16,unchanged
U8,5,/TIA12,/TIA12,unchanged
U8,6,/MUX_EN_N,/MUX_EN_N,unchanged
U8,7,unconnected-(U8-NC-Pad7),unconnected-(U8-NC-Pad7),unchanged
U8,8,GND,GND,unchanged
U8,9,/MUX_B2,/MUX_B2,unchanged
U9,1,3V3,3V3,unchanged
U9,10,/ADC_A,/ADC_A,unchanged
U9,11,/MUX_A1,/MUX_A1,unchanged
U9,12,unconnected-(U9-PA2-Pad12),unconnected-(U9-PA2-Pad12),unchanged
U9,13,unconnected-(U9-PA3-Pad13),unconnected-(U9-PA3-Pad13),unchanged
U9,14,/ADC_B,/ADC_B,unchanged
U9,15,/MUX_A0,/MUX_A0,unchanged
U9,16,/MUX_B0,/MUX_B0,unchanged
U9,17,/MUX_B1,/MUX_B1,unchanged
U9,18,/MUX_EN_N,/MUX_EN_N,unchanged
U9,19,/LED_LAT,/LED_LAT,unchanged
U9,2,unconnected-(U9-PC13-Pad2),unconnected-(U9-PC13-Pad2),unchanged
U9,20,/IMU_INT,/IMU_INT,unchanged
U9,21,/LED_SCLK,/LED_SCLK,unchanged
U9,22,/LED_SIN,/LED_SIN,unchanged
U9,23,GND,GND,unchanged
U9,24,3V3,3V3,unchanged
U9,25,unconnected-(U9-PB12-Pad25),unconnected-(U9-PB12-Pad25),unchanged
U9,26,unconnected-(U9-PB13-Pad26),unconnected-(U9-PB13-Pad26),unchanged
U9,27,/MUX_B2,/MUX_B2,unchanged
U9,28,/LED_ENABLE,/LED_ENABLE,unchanged
U9,29,/STATUS_LED_N,/STATUS_LED_N,unchanged
U9,3,unconnected-(U9-PC14-Pad3),unconnected-(U9-PC14-Pad3),unchanged
U9,30,/UART_TX,/UART_TX,unchanged
U9,31,/UART_RX,/UART_RX,unchanged
U9,32,unconnected-(U9-PA11-Pad32),unconnected-(U9-PA11-Pad32),unchanged
U9,33,unconnected-(U9-PA12-Pad33),unconnected-(U9-PA12-Pad33),unchanged
U9,34,/SWDIO,/SWDIO,unchanged
U9,35,GND,GND,unchanged
U9,36,3V3,3V3,unchanged
U9,37,/SWCLK,/SWCLK,unchanged
U9,38,unconnected-(U9-PA15-Pad38),unconnected-(U9-PA15-Pad38),unchanged
U9,39,unconnected-(U9-PB3-Pad39),unconnected-(U9-PB3-Pad39),unchanged
U9,4,unconnected-(U9-PC15-Pad4),unconnected-(U9-PC15-Pad4),unchanged
U9,40,unconnected-(U9-PB4-Pad40),unconnected-(U9-PB4-Pad40),unchanged
U9,41,unconnected-(U9-PB5-Pad41),unconnected-(U9-PB5-Pad41),unchanged
U9,42,/I2C_SCL,/I2C_SCL,unchanged
U9,43,/I2C_SDA,/I2C_SDA,unchanged
U9,44,/BOOT0,/BOOT0,unchanged
U9,45,unconnected-(U9-PB8-Pad45),unconnected-(U9-PB8-Pad45),unchanged
U9,46,/MUX_A2,/MUX_A2,unchanged
U9,47,GND,GND,unchanged
U9,48,3V3,3V3,unchanged
U9,5,unconnected-(U9-PF0-Pad5),unconnected-(U9-PF0-Pad5),unchanged
U9,6,unconnected-(U9-PF1-Pad6),unconnected-(U9-PF1-Pad6),unchanged
U9,7,/NRST,/NRST,unchanged
U9,8,GND,GND,unchanged
U9,9,3V3,3V3,unchanged
