Reference,Value,Footprint,Manufacturer,MPN,LCSC,Quantity,Parameters,Catalog_URL
C1,1u,C:0402,CCTC,TCC0402X7R105K160AT,C49210445,1,1uF X7R ±10% 16V 0402 Ceramic Capacitors ,https://www.lcsc.com/product-detail/C49210445.html
C10,100n,C:0402,Samsung Electro-Mechanics,CL05B104KO5NNNC,C1525,1,CAP CER 100nF 16V X7R 0402; ±10%,https://www.lcsc.com/product-detail/C1525.html
C11,10n X7R,C:0402,Samsung Electro-Mechanics,CL05B103KB5NNNC,C15195,1,CAP CER 10nF 50V X7R 0402; ±10%,https://www.lcsc.com/product-detail/C15195.html
C12,100n,C:0402,Samsung Electro-Mechanics,CL05B104KO5NNNC,C1525,1,CAP CER 100nF 16V X7R 0402; ±10%,https://www.lcsc.com/product-detail/C1525.html
C13,100n,C:0402,Samsung Electro-Mechanics,CL05B104KO5NNNC,C1525,1,CAP CER 100nF 16V X7R 0402; ±10%,https://www.lcsc.com/product-detail/C1525.html
C14,100n,C:0402,Samsung Electro-Mechanics,CL05B104KO5NNNC,C1525,1,CAP CER 100nF 16V X7R 0402; ±10%,https://www.lcsc.com/product-detail/C1525.html
C15,100n,C:0402,Samsung Electro-Mechanics,CL05B104KO5NNNC,C1525,1,CAP CER 100nF 16V X7R 0402; ±10%,https://www.lcsc.com/product-detail/C1525.html
C16,100n,C:0402,Samsung Electro-Mechanics,CL05B104KO5NNNC,C1525,1,CAP CER 100nF 16V X7R 0402; ±10%,https://www.lcsc.com/product-detail/C1525.html
C17,100n,C:0402,Samsung Electro-Mechanics,CL05B104KO5NNNC,C1525,1,CAP CER 100nF 16V X7R 0402; ±10%,https://www.lcsc.com/product-detail/C1525.html
C18,1u,C:0402,CCTC,TCC0402X7R105K160AT,C49210445,1,1uF X7R ±10% 16V 0402 Ceramic Capacitors ,https://www.lcsc.com/product-detail/C49210445.html
C19,1u,C:0402,CCTC,TCC0402X7R105K160AT,C49210445,1,1uF X7R ±10% 16V 0402 Ceramic Capacitors ,https://www.lcsc.com/product-detail/C49210445.html
C2,100n,C:0402,Samsung Electro-Mechanics,CL05B104KO5NNNC,C1525,1,CAP CER 100nF 16V X7R 0402; ±10%,https://www.lcsc.com/product-detail/C1525.html
C20,1u,C:0402,CCTC,TCC0402X7R105K160AT,C49210445,1,1uF X7R ±10% 16V 0402 Ceramic Capacitors ,https://www.lcsc.com/product-detail/C49210445.html
C21,1u,C:0402,CCTC,TCC0402X7R105K160AT,C49210445,1,1uF X7R ±10% 16V 0402 Ceramic Capacitors ,https://www.lcsc.com/product-detail/C49210445.html
C22,1u,C:0402,CCTC,TCC0402X7R105K160AT,C49210445,1,1uF X7R ±10% 16V 0402 Ceramic Capacitors ,https://www.lcsc.com/product-detail/C49210445.html
C23,1u,C:0402,CCTC,TCC0402X7R105K160AT,C49210445,1,1uF X7R ±10% 16V 0402 Ceramic Capacitors ,https://www.lcsc.com/product-detail/C49210445.html
C25,10u,C:0603,Samsung Electro-Mechanics,CL10A106KP8NNNC,C19702,1,CAP CER 10uF 10V X5R 0603; ±10%,https://www.lcsc.com/product-detail/C19702.html
C26,10u,C:0603,Samsung Electro-Mechanics,CL10A106KP8NNNC,C19702,1,CAP CER 10uF 10V X5R 0603; ±10%,https://www.lcsc.com/product-detail/C19702.html
C27,10u,C:0603,Samsung Electro-Mechanics,CL10A106KP8NNNC,C19702,1,CAP CER 10uF 10V X5R 0603; ±10%,https://www.lcsc.com/product-detail/C19702.html
C28,47u 16V X5R,C:1210,YAGEO,CC1210KKX5R7BB476,C596320,1,CAP CER 47uF 16V X5R 1210; ±10%,https://www.lcsc.com/product-detail/C596320.html
C29,330p C0G,C:0402,Murata,GRM1555C1H331JA01D,C76965,1,CAP CER 330pF 50V C0G 0402; ±5%,https://www.lcsc.com/product-detail/C76965.html
C3,100n,C:0402,Samsung Electro-Mechanics,CL05B104KO5NNNC,C1525,1,CAP CER 100nF 16V X7R 0402; ±10%,https://www.lcsc.com/product-detail/C1525.html
C30,330p C0G,C:0402,Murata,GRM1555C1H331JA01D,C76965,1,CAP CER 330pF 50V C0G 0402; ±5%,https://www.lcsc.com/product-detail/C76965.html
C31,100n,C:0402,Samsung Electro-Mechanics,CL05B104KO5NNNC,C1525,1,CAP CER 100nF 16V X7R 0402; ±10%,https://www.lcsc.com/product-detail/C1525.html
C32,100n,C:0402,Samsung Electro-Mechanics,CL05B104KO5NNNC,C1525,1,CAP CER 100nF 16V X7R 0402; ±10%,https://www.lcsc.com/product-detail/C1525.html
C33,1n,C:0402,FH,0402CG102J500NT,C53547,1,CAP CER 1nF 50V C0G 0402; ±5%,https://www.lcsc.com/product-detail/C53547.html
C34,1n,C:0402,FH,0402CG102J500NT,C53547,1,CAP CER 1nF 50V C0G 0402; ±5%,https://www.lcsc.com/product-detail/C53547.html
C35,100n,C:0402,Samsung Electro-Mechanics,CL05B104KO5NNNC,C1525,1,CAP CER 100nF 16V X7R 0402; ±10%,https://www.lcsc.com/product-detail/C1525.html
C36,100n,C:0402,Samsung Electro-Mechanics,CL05B104KO5NNNC,C1525,1,CAP CER 100nF 16V X7R 0402; ±10%,https://www.lcsc.com/product-detail/C1525.html
C37,1u,C:0402,CCTC,TCC0402X7R105K160AT,C49210445,1,1uF X7R ±10% 16V 0402 Ceramic Capacitors ,https://www.lcsc.com/product-detail/C49210445.html
C38,22n X7R,C:0402,Samsung Electro-Mechanics,CL05B223KB5VPNC,C307335,1,CAP CER 22nF 50V X7R 0402; ±10%,https://www.lcsc.com/product-detail/C307335.html
C4,100n,C:0402,Samsung Electro-Mechanics,CL05B104KO5NNNC,C1525,1,CAP CER 100nF 16V X7R 0402; ±10%,https://www.lcsc.com/product-detail/C1525.html
C40,10u,C:0603,Samsung Electro-Mechanics,CL10A106KP8NNNC,C19702,1,CAP CER 10uF 10V X5R 0603; ±10%,https://www.lcsc.com/product-detail/C19702.html
C44,100n,C:0402,Samsung Electro-Mechanics,CL05B104KO5NNNC,C1525,1,CAP CER 100nF 16V X7R 0402; ±10%,https://www.lcsc.com/product-detail/C1525.html
C46,1u,C:0402,CCTC,TCC0402X7R105K160AT,C49210445,1,1uF X7R ±10% 16V 0402 Ceramic Capacitors ,https://www.lcsc.com/product-detail/C49210445.html
C47,1u,C:0402,CCTC,TCC0402X7R105K160AT,C49210445,1,1uF X7R ±10% 16V 0402 Ceramic Capacitors ,https://www.lcsc.com/product-detail/C49210445.html
C48,100n,C:0402,Samsung Electro-Mechanics,CL05B104KO5NNNC,C1525,1,CAP CER 100nF 16V X7R 0402; ±10%,https://www.lcsc.com/product-detail/C1525.html
C49,100n,C:0402,Samsung Electro-Mechanics,CL05B104KO5NNNC,C1525,1,CAP CER 100nF 16V X7R 0402; ±10%,https://www.lcsc.com/product-detail/C1525.html
C5,100n,C:0402,Samsung Electro-Mechanics,CL05B104KO5NNNC,C1525,1,CAP CER 100nF 16V X7R 0402; ±10%,https://www.lcsc.com/product-detail/C1525.html
C6,100n,C:0402,Samsung Electro-Mechanics,CL05B104KO5NNNC,C1525,1,CAP CER 100nF 16V X7R 0402; ±10%,https://www.lcsc.com/product-detail/C1525.html
C7,100n,C:0402,Samsung Electro-Mechanics,CL05B104KO5NNNC,C1525,1,CAP CER 100nF 16V X7R 0402; ±10%,https://www.lcsc.com/product-detail/C1525.html
C8,100n,C:0402,Samsung Electro-Mechanics,CL05B104KO5NNNC,C1525,1,CAP CER 100nF 16V X7R 0402; ±10%,https://www.lcsc.com/product-detail/C1525.html
C9,100n,C:0402,Samsung Electro-Mechanics,CL05B104KO5NNNC,C1525,1,CAP CER 100nF 16V X7R 0402; ±10%,https://www.lcsc.com/product-detail/C1525.html
CF1,22p C0G,C:0402,FH,0402CG220J500NT,C1555,1,CAP CER 22pF 50V C0G 0402; ±5%,https://www.lcsc.com/product-detail/C1555.html
CF10,22p C0G,C:0402,FH,0402CG220J500NT,C1555,1,CAP CER 22pF 50V C0G 0402; ±5%,https://www.lcsc.com/product-detail/C1555.html
CF11,22p C0G,C:0402,FH,0402CG220J500NT,C1555,1,CAP CER 22pF 50V C0G 0402; ±5%,https://www.lcsc.com/product-detail/C1555.html
CF12,22p C0G,C:0402,FH,0402CG220J500NT,C1555,1,CAP CER 22pF 50V C0G 0402; ±5%,https://www.lcsc.com/product-detail/C1555.html
CF13,22p C0G,C:0402,FH,0402CG220J500NT,C1555,1,CAP CER 22pF 50V C0G 0402; ±5%,https://www.lcsc.com/product-detail/C1555.html
CF14,22p C0G,C:0402,FH,0402CG220J500NT,C1555,1,CAP CER 22pF 50V C0G 0402; ±5%,https://www.lcsc.com/product-detail/C1555.html
CF15,22p C0G,C:0402,FH,0402CG220J500NT,C1555,1,CAP CER 22pF 50V C0G 0402; ±5%,https://www.lcsc.com/product-detail/C1555.html
CF16,22p C0G,C:0402,FH,0402CG220J500NT,C1555,1,CAP CER 22pF 50V C0G 0402; ±5%,https://www.lcsc.com/product-detail/C1555.html
CF2,22p C0G,C:0402,FH,0402CG220J500NT,C1555,1,CAP CER 22pF 50V C0G 0402; ±5%,https://www.lcsc.com/product-detail/C1555.html
CF3,22p C0G,C:0402,FH,0402CG220J500NT,C1555,1,CAP CER 22pF 50V C0G 0402; ±5%,https://www.lcsc.com/product-detail/C1555.html
CF4,22p C0G,C:0402,FH,0402CG220J500NT,C1555,1,CAP CER 22pF 50V C0G 0402; ±5%,https://www.lcsc.com/product-detail/C1555.html
CF5,22p C0G,C:0402,FH,0402CG220J500NT,C1555,1,CAP CER 22pF 50V C0G 0402; ±5%,https://www.lcsc.com/product-detail/C1555.html
CF6,22p C0G,C:0402,FH,0402CG220J500NT,C1555,1,CAP CER 22pF 50V C0G 0402; ±5%,https://www.lcsc.com/product-detail/C1555.html
CF7,22p C0G,C:0402,FH,0402CG220J500NT,C1555,1,CAP CER 22pF 50V C0G 0402; ±5%,https://www.lcsc.com/product-detail/C1555.html
CF8,22p C0G,C:0402,FH,0402CG220J500NT,C1555,1,CAP CER 22pF 50V C0G 0402; ±5%,https://www.lcsc.com/product-detail/C1555.html
CF9,22p C0G,C:0402,FH,0402CG220J500NT,C1555,1,CAP CER 22pF 50V C0G 0402; ±5%,https://www.lcsc.com/product-detail/C1555.html
D1,IR11-21C/TR8,IR:1206,Everlight,IR11-21C/TR8,C19269752,1,EMITTER IR 65mA SMD,https://www.lcsc.com/product-detail/C19269752.html
D10,IR11-21C/TR8,IR:1206,Everlight,IR11-21C/TR8,C19269752,1,EMITTER IR 65mA SMD,https://www.lcsc.com/product-detail/C19269752.html
D11,IR11-21C/TR8,IR:1206,Everlight,IR11-21C/TR8,C19269752,1,EMITTER IR 65mA SMD,https://www.lcsc.com/product-detail/C19269752.html
D12,IR11-21C/TR8,IR:1206,Everlight,IR11-21C/TR8,C19269752,1,EMITTER IR 65mA SMD,https://www.lcsc.com/product-detail/C19269752.html
D13,IR11-21C/TR8,IR:1206,Everlight,IR11-21C/TR8,C19269752,1,EMITTER IR 65mA SMD,https://www.lcsc.com/product-detail/C19269752.html
D14,IR11-21C/TR8,IR:1206,Everlight,IR11-21C/TR8,C19269752,1,EMITTER IR 65mA SMD,https://www.lcsc.com/product-detail/C19269752.html
D15,IR11-21C/TR8,IR:1206,Everlight,IR11-21C/TR8,C19269752,1,EMITTER IR 65mA SMD,https://www.lcsc.com/product-detail/C19269752.html
D16,IR11-21C/TR8,IR:1206,Everlight,IR11-21C/TR8,C19269752,1,EMITTER IR 65mA SMD,https://www.lcsc.com/product-detail/C19269752.html
D17,"PESD5V0S1BA,115",D:SOD-323,Nexperia,"PESD5V0S1BA,115",C19224,1,ESD DIODE 5VWM 14VC SOD-323,https://www.lcsc.com/product-detail/C19224.html
D18,"PESD3V3U1UB,115",D:SOD-523,Nexperia,"PESD3V3U1UB,115",C2443469,1,ESD DIODE 3.3VWM SC-79(SOD-523),https://www.lcsc.com/product-detail/C2443469.html
D19,"PESD3V3U1UB,115",D:SOD-523,Nexperia,"PESD3V3U1UB,115",C2443469,1,ESD DIODE 3.3VWM SC-79(SOD-523),https://www.lcsc.com/product-detail/C2443469.html
D2,IR11-21C/TR8,IR:1206,Everlight,IR11-21C/TR8,C19269752,1,EMITTER IR 65mA SMD,https://www.lcsc.com/product-detail/C19269752.html
D20,GREEN / STATUS,LED:0603,Lite-On,LTST-C190KGKT,C125094,1,LED YELLOW GREEN WATER CLEAR 0603 SMD,https://www.lcsc.com/product-detail/C125094.html
D3,IR11-21C/TR8,IR:1206,Everlight,IR11-21C/TR8,C19269752,1,EMITTER IR 65mA SMD,https://www.lcsc.com/product-detail/C19269752.html
D4,IR11-21C/TR8,IR:1206,Everlight,IR11-21C/TR8,C19269752,1,EMITTER IR 65mA SMD,https://www.lcsc.com/product-detail/C19269752.html
D5,IR11-21C/TR8,IR:1206,Everlight,IR11-21C/TR8,C19269752,1,EMITTER IR 65mA SMD,https://www.lcsc.com/product-detail/C19269752.html
D6,IR11-21C/TR8,IR:1206,Everlight,IR11-21C/TR8,C19269752,1,EMITTER IR 65mA SMD,https://www.lcsc.com/product-detail/C19269752.html
D7,IR11-21C/TR8,IR:1206,Everlight,IR11-21C/TR8,C19269752,1,EMITTER IR 65mA SMD,https://www.lcsc.com/product-detail/C19269752.html
D8,IR11-21C/TR8,IR:1206,Everlight,IR11-21C/TR8,C19269752,1,EMITTER IR 65mA SMD,https://www.lcsc.com/product-detail/C19269752.html
D9,IR11-21C/TR8,IR:1206,Everlight,IR11-21C/TR8,C19269752,1,EMITTER IR 65mA SMD,https://www.lcsc.com/product-detail/C19269752.html
FB1,600R@100MHz 500mA,L:0603,Murata,BLM18AG601SN1D,C19330,1,FERRITE BEAD 600Ω 0603 1LN; ±25%; 500mA; 600Ω@100MHz,https://www.lcsc.com/product-detail/C19330.html
J1,0.5K-AS-5PWB-RW,J:GUOCONN_0.5K-AS-5PWB-RW,GUOCONN,0.5K-AS-5PWB-RW,C51901197,1,5P; pitch 0.5mm; top contact; slide lock; FPC thickness 0.3mm; height 2mm,https://www.lcsc.com/product-detail/C51901197.html
PD1,PD15-21B/TR8,PD:1206,Everlight,PD15-21B/TR8,C2921391,1,Silicon PIN photodiode; peak 940nm; 1206,https://www.lcsc.com/product-detail/C2921391.html
PD10,PD15-21B/TR8,PD:1206,Everlight,PD15-21B/TR8,C2921391,1,Silicon PIN photodiode; peak 940nm; 1206,https://www.lcsc.com/product-detail/C2921391.html
PD11,PD15-21B/TR8,PD:1206,Everlight,PD15-21B/TR8,C2921391,1,Silicon PIN photodiode; peak 940nm; 1206,https://www.lcsc.com/product-detail/C2921391.html
PD12,PD15-21B/TR8,PD:1206,Everlight,PD15-21B/TR8,C2921391,1,Silicon PIN photodiode; peak 940nm; 1206,https://www.lcsc.com/product-detail/C2921391.html
PD13,PD15-21B/TR8,PD:1206,Everlight,PD15-21B/TR8,C2921391,1,Silicon PIN photodiode; peak 940nm; 1206,https://www.lcsc.com/product-detail/C2921391.html
PD14,PD15-21B/TR8,PD:1206,Everlight,PD15-21B/TR8,C2921391,1,Silicon PIN photodiode; peak 940nm; 1206,https://www.lcsc.com/product-detail/C2921391.html
PD15,PD15-21B/TR8,PD:1206,Everlight,PD15-21B/TR8,C2921391,1,Silicon PIN photodiode; peak 940nm; 1206,https://www.lcsc.com/product-detail/C2921391.html
PD16,PD15-21B/TR8,PD:1206,Everlight,PD15-21B/TR8,C2921391,1,Silicon PIN photodiode; peak 940nm; 1206,https://www.lcsc.com/product-detail/C2921391.html
PD2,PD15-21B/TR8,PD:1206,Everlight,PD15-21B/TR8,C2921391,1,Silicon PIN photodiode; peak 940nm; 1206,https://www.lcsc.com/product-detail/C2921391.html
PD3,PD15-21B/TR8,PD:1206,Everlight,PD15-21B/TR8,C2921391,1,Silicon PIN photodiode; peak 940nm; 1206,https://www.lcsc.com/product-detail/C2921391.html
PD4,PD15-21B/TR8,PD:1206,Everlight,PD15-21B/TR8,C2921391,1,Silicon PIN photodiode; peak 940nm; 1206,https://www.lcsc.com/product-detail/C2921391.html
PD5,PD15-21B/TR8,PD:1206,Everlight,PD15-21B/TR8,C2921391,1,Silicon PIN photodiode; peak 940nm; 1206,https://www.lcsc.com/product-detail/C2921391.html
PD6,PD15-21B/TR8,PD:1206,Everlight,PD15-21B/TR8,C2921391,1,Silicon PIN photodiode; peak 940nm; 1206,https://www.lcsc.com/product-detail/C2921391.html
PD7,PD15-21B/TR8,PD:1206,Everlight,PD15-21B/TR8,C2921391,1,Silicon PIN photodiode; peak 940nm; 1206,https://www.lcsc.com/product-detail/C2921391.html
PD8,PD15-21B/TR8,PD:1206,Everlight,PD15-21B/TR8,C2921391,1,Silicon PIN photodiode; peak 940nm; 1206,https://www.lcsc.com/product-detail/C2921391.html
PD9,PD15-21B/TR8,PD:1206,Everlight,PD15-21B/TR8,C2921391,1,Silicon PIN photodiode; peak 940nm; 1206,https://www.lcsc.com/product-detail/C2921391.html
R1,2.67k,R:0402,Viking,ARG02FTC2671,C284464,1,RES 2.67kΩ ±1% 62.5mW 0402,https://www.lcsc.com/product-detail/C284464.html
R10,10k,R:0402,UNI-ROYAL,0402WGF1002TCE,C25744,1,RES 10kΩ ±1% 62.5mW 0402,https://www.lcsc.com/product-detail/C25744.html
R11,100,R:0402,YAGEO,RC0402FR-07100RL,C106232,1,RES 100Ω ±1% 62.5mW 0402,https://www.lcsc.com/product-detail/C106232.html
R12,100,R:0402,YAGEO,RC0402FR-07100RL,C106232,1,RES 100Ω ±1% 62.5mW 0402,https://www.lcsc.com/product-detail/C106232.html
R13,47,R:0402,UNI-ROYAL,0402WGF470JTCE,C25118,1,RES 47Ω ±1% 62.5mW 0402,https://www.lcsc.com/product-detail/C25118.html
R14,100,R:0402,YAGEO,RC0402FR-07100RL,C106232,1,RES 100Ω ±1% 62.5mW 0402,https://www.lcsc.com/product-detail/C106232.html
R15,100k,R:0402,UNI-ROYAL,0402WGF1003TCE,C25741,1,RES 100kΩ ±1% 62.5mW 0402,https://www.lcsc.com/product-detail/C25741.html
R16,10k,R:0402,UNI-ROYAL,0402WGF1002TCE,C25744,1,RES 10kΩ ±1% 62.5mW 0402,https://www.lcsc.com/product-detail/C25744.html
R17,4.7k,R:0402,UNI-ROYAL,0402WGF4701TCE,C25900,1,RES 4.7kΩ ±1% 62.5mW 0402,https://www.lcsc.com/product-detail/C25900.html
R18,200,R:0402,UNI-ROYAL,0402WGF2000TCE,C25087,1,RES 200Ω ±1% 62.5mW 0402,https://www.lcsc.com/product-detail/C25087.html
R19,10k,R:0402,UNI-ROYAL,0402WGF1002TCE,C25744,1,RES 10kΩ ±1% 62.5mW 0402,https://www.lcsc.com/product-detail/C25744.html
R2,10k,R:0402,UNI-ROYAL,0402WGF1002TCE,C25744,1,RES 10kΩ ±1% 62.5mW 0402,https://www.lcsc.com/product-detail/C25744.html
R20,6.2k,R:0402,UNI-ROYAL,0402WGF6201TCE,C25915,1,RES 6.2kΩ ±1% 62.5mW 0402,https://www.lcsc.com/product-detail/C25915.html
R27,10k,R:0402,UNI-ROYAL,0402WGF1002TCE,C25744,1,RES 10kΩ ±1% 62.5mW 0402,https://www.lcsc.com/product-detail/C25744.html
R28,10k,R:0402,UNI-ROYAL,0402WGF1002TCE,C25744,1,RES 10kΩ ±1% 62.5mW 0402,https://www.lcsc.com/product-detail/C25744.html
R29,110k,R:0402,UNI-ROYAL,0402WGF1103TCE,C25745,1,RES 110kΩ ±1% 62.5mW 0402,https://www.lcsc.com/product-detail/C25745.html
R3,10k,R:0402,UNI-ROYAL,0402WGF1002TCE,C25744,1,RES 10kΩ ±1% 62.5mW 0402,https://www.lcsc.com/product-detail/C25744.html
R4,10k,R:0402,UNI-ROYAL,0402WGF1002TCE,C25744,1,RES 10kΩ ±1% 62.5mW 0402,https://www.lcsc.com/product-detail/C25744.html
R5,100k,R:0402,UNI-ROYAL,0402WGF1003TCE,C25741,1,RES 100kΩ ±1% 62.5mW 0402,https://www.lcsc.com/product-detail/C25741.html
R6,4.7k,R:0402,UNI-ROYAL,0402WGF4701TCE,C25900,1,RES 4.7kΩ ±1% 62.5mW 0402,https://www.lcsc.com/product-detail/C25900.html
R7,4.7k,R:0402,UNI-ROYAL,0402WGF4701TCE,C25900,1,RES 4.7kΩ ±1% 62.5mW 0402,https://www.lcsc.com/product-detail/C25900.html
R8,22,R:0402,UNI-ROYAL,0402WGF220JTCE,C25092,1,RES 22Ω ±1% 62.5mW 0402,https://www.lcsc.com/product-detail/C25092.html
R9,22,R:0402,UNI-ROYAL,0402WGF220JTCE,C25092,1,RES 22Ω ±1% 62.5mW 0402,https://www.lcsc.com/product-detail/C25092.html
RF1,100k,R:0402,UNI-ROYAL,0402WGF1003TCE,C25741,1,RES 100kΩ ±1% 62.5mW 0402,https://www.lcsc.com/product-detail/C25741.html
RF10,100k,R:0402,UNI-ROYAL,0402WGF1003TCE,C25741,1,RES 100kΩ ±1% 62.5mW 0402,https://www.lcsc.com/product-detail/C25741.html
RF11,100k,R:0402,UNI-ROYAL,0402WGF1003TCE,C25741,1,RES 100kΩ ±1% 62.5mW 0402,https://www.lcsc.com/product-detail/C25741.html
RF12,100k,R:0402,UNI-ROYAL,0402WGF1003TCE,C25741,1,RES 100kΩ ±1% 62.5mW 0402,https://www.lcsc.com/product-detail/C25741.html
RF13,100k,R:0402,UNI-ROYAL,0402WGF1003TCE,C25741,1,RES 100kΩ ±1% 62.5mW 0402,https://www.lcsc.com/product-detail/C25741.html
RF14,100k,R:0402,UNI-ROYAL,0402WGF1003TCE,C25741,1,RES 100kΩ ±1% 62.5mW 0402,https://www.lcsc.com/product-detail/C25741.html
RF15,100k,R:0402,UNI-ROYAL,0402WGF1003TCE,C25741,1,RES 100kΩ ±1% 62.5mW 0402,https://www.lcsc.com/product-detail/C25741.html
RF16,100k,R:0402,UNI-ROYAL,0402WGF1003TCE,C25741,1,RES 100kΩ ±1% 62.5mW 0402,https://www.lcsc.com/product-detail/C25741.html
RF2,100k,R:0402,UNI-ROYAL,0402WGF1003TCE,C25741,1,RES 100kΩ ±1% 62.5mW 0402,https://www.lcsc.com/product-detail/C25741.html
RF3,100k,R:0402,UNI-ROYAL,0402WGF1003TCE,C25741,1,RES 100kΩ ±1% 62.5mW 0402,https://www.lcsc.com/product-detail/C25741.html
RF4,100k,R:0402,UNI-ROYAL,0402WGF1003TCE,C25741,1,RES 100kΩ ±1% 62.5mW 0402,https://www.lcsc.com/product-detail/C25741.html
RF5,100k,R:0402,UNI-ROYAL,0402WGF1003TCE,C25741,1,RES 100kΩ ±1% 62.5mW 0402,https://www.lcsc.com/product-detail/C25741.html
RF6,100k,R:0402,UNI-ROYAL,0402WGF1003TCE,C25741,1,RES 100kΩ ±1% 62.5mW 0402,https://www.lcsc.com/product-detail/C25741.html
RF7,100k,R:0402,UNI-ROYAL,0402WGF1003TCE,C25741,1,RES 100kΩ ±1% 62.5mW 0402,https://www.lcsc.com/product-detail/C25741.html
RF8,100k,R:0402,UNI-ROYAL,0402WGF1003TCE,C25741,1,RES 100kΩ ±1% 62.5mW 0402,https://www.lcsc.com/product-detail/C25741.html
RF9,100k,R:0402,UNI-ROYAL,0402WGF1003TCE,C25741,1,RES 100kΩ ±1% 62.5mW 0402,https://www.lcsc.com/product-detail/C25741.html
U1,TLC59283RGER,IC:VQFN-24,Texas Instruments,TLC59283RGER,C485815,1,"16-Channel, Constant-Current LED Driver with Pre-Charge FET",https://www.lcsc.com/product-detail/C485815.html
U10,LSM6DS3TR-C,IC:LGA-14,STMicroelectronics,LSM6DS3TR-C,C967633,1,3D accelerometer and 3D gyroscope,https://www.lcsc.com/product-detail/C967633.html
U11,"PESD3V3L2BT,215",IC:SOT-23,Nexperia,"PESD3V3L2BT,215",C55440,1,ESD DIODE 3.3VWM 26VC SOT-23,https://www.lcsc.com/product-detail/C55440.html
U12,SN74LVC1G123DCTR,IC:SSOP-8,Texas Instruments,SN74LVC1G123DCTR,C123302,1,Single Retriggerable Monostable Multivibrator With Schmitt-Trigger Inputs,https://www.lcsc.com/product-detail/C123302.html
U13,SN74LVC1G04DBVR,IC:SOT-23-5,Texas Instruments,SN74LVC1G04DBVR,C7827,1,Single Inverter Gate,https://www.lcsc.com/product-detail/C7827.html
U14,TPS259470ARPWR,IC:VQFN-10-HR,Texas Instruments,TPS259470ARPWR,C3662799,1,IC SURGE STOPPER 2.7V~23V QFN-10(2x2),https://www.lcsc.com/product-detail/C3662799.html
U16,TLV9062IDGKR,IC:VSSOP-8_3x3mm_P0.65mm,Texas Instruments,TLV9062IDGKR,C398356,1,"10-MHz, RRIO, CMOS Operational Amplifiers for Cost-Sensitive Systems",https://www.lcsc.com/product-detail/C398356.html
U18,TPS2553DRVR,IC:TPS2553_DRV0006,Texas Instruments,TPS2553DRVR,C138719,1,Precision Adjustable Current-Limited Power-Distribution Switches,https://www.lcsc.com/product-detail/C138719.html
U19,TPS3702CX33DDCR,IC:TPS3702_DDC0006,Texas Instruments,TPS3702CX33DDCR,C2068031,1,TPS3702 High-Precision Overvoltage and Undervoltage Monitor,https://www.lcsc.com/product-detail/C2068031.html
U2,TLV9064IPWR,IC:TSSOP-14,Texas Instruments,TLV9064IPWR,C779410,1,"10MHz, RRIO, CMOS operational amplifier suitable for cost-sensitive systems",https://www.lcsc.com/product-detail/C779410.html
U3,TLV9064IPWR,IC:TSSOP-14,Texas Instruments,TLV9064IPWR,C779410,1,"10MHz, RRIO, CMOS operational amplifier suitable for cost-sensitive systems",https://www.lcsc.com/product-detail/C779410.html
U4,TLV9064IPWR,IC:TSSOP-14,Texas Instruments,TLV9064IPWR,C779410,1,"10MHz, RRIO, CMOS operational amplifier suitable for cost-sensitive systems",https://www.lcsc.com/product-detail/C779410.html
U5,TLV9064IPWR,IC:TSSOP-14,Texas Instruments,TLV9064IPWR,C779410,1,"10MHz, RRIO, CMOS operational amplifier suitable for cost-sensitive systems",https://www.lcsc.com/product-detail/C779410.html
U6,TLV9061IDBVR,IC:SOT-23-5,Texas Instruments,TLV9061IDBVR,C398358,1,"10-MHz, RRIO, CMOS Operational Amplifiers for Cost-Sensitive Systems",https://www.lcsc.com/product-detail/C398358.html
U7,TMUX1308PWR,IC:TSSOP-16,Texas Instruments,TMUX1308PWR,C970231,1,TMUX13xx 5V Bidirectional 8:1 Single-Channel and 4:1 Dual-Channel Multiplexer with Injection Current Control,https://www.lcsc.com/product-detail/C970231.html
U8,TMUX1308PWR,IC:TSSOP-16,Texas Instruments,TMUX1308PWR,C970231,1,TMUX13xx 5V Bidirectional 8:1 Single-Channel and 4:1 Dual-Channel Multiplexer with Injection Current Control,https://www.lcsc.com/product-detail/C970231.html
U9,STM32F302CCT6,IC:LQFP-48,STMicroelectronics,STM32F302CCT6,C262946,1,"Arm-based Cortex-M4 32b MCU+FPU, up to 256KB Flash+40KB SRAM, 2 ADCs, 1 DAC ch., 4 comp, 2 PGA, timers, 2.0-3.6 V",https://www.lcsc.com/product-detail/C262946.html
