Designator,Value,Manufacturer,MPN,LCSC,Footprint,Specifications,Qty_per_board,Net_qty_2_boards,Suggested_purchase_qty,Supplier,Supplier_code,Source,Engineering_status,Supply_status,Side,Checked_on,Domestic_live_stock,Platform_attrition_qty,Final_supply_qty,Factory_receipt_status
U9,STM32C031C6T6,STMicroelectronics,STM32C031C6T6,C5456218,IR_Glasses:LQFP-48_7x7mm_P0.5mm,LQFP-48 7x7mm; 3.3V,1,2,3,JLC SMT domestic preferred,C5456218,https://www.jlc-smt.com/lcsc/detail/C5456218.html,FROZEN_EVT_E2,Domestic live stock unknown: WAF; fixed MPN; customer supply only if domestic shortage confirmed,F.Cu,2026-09-07,,,,Pending
U1,TLC59283RGER,Texas Instruments,TLC59283RGER,C485815,IR_Glasses:Texas_RGE0024C_VQFN-24-1EP_4x4mm_P0.5mm_EP2.1x2.1mm,VQFN-24 RGE; EP 2.1x2.1mm,1,2,3,JLC SMT domestic preferred,C485815,https://www.jlc-smt.com/lcsc/detail/C485815.html,FROZEN_EVT_E2,Domestic live stock unknown: WAF; fixed MPN; customer supply only if domestic shortage confirmed,F.Cu,2026-09-07,,,,Pending
U10,LSM6DS3TR-C,STMicroelectronics,LSM6DS3TR-C,C967633,IR_Glasses:LGA-14_3x2.5mm_P0.5mm_LayoutBorder3x4y,LGA-14 2.5x3mm; 3.3V,1,2,3,JLC SMT domestic preferred,C967633,https://www.jlc-smt.com/lcsc/detail/C967633.html,FROZEN_EVT_E2,Domestic live stock unknown: WAF; fixed MPN; customer supply only if domestic shortage confirmed,F.Cu,2026-09-07,,,,Pending
U6,TLV9061IDBVR,Texas Instruments,TLV9061IDBVR,C398358,IR_Glasses:SOT-23-5,SOT-23-5 DBV,1,2,3,JLC SMT domestic preferred,C398358,https://www.jlc-smt.com/lcsc/detail/C398358.html,FROZEN_EVT_E2,Domestic live stock unknown: WAF; fixed MPN; customer supply only if domestic shortage confirmed,F.Cu,2026-09-07,,,,Pending
J1,2492111-5,TE Connectivity,2492111-5,,IR_Glasses:TE_2492111-5_1x05_P0.5mm_Horizontal,5 positions; 0.5mm; top contact; 0.3mm FPC; 0.5A; SMT,1,2,5,Customer supplied; vendor order pending,17-2492111-5CT-ND,https://www.te.com/en/product-2492111-5.html,FROZEN_EVT_E2,J1 customer supply selected; purchase and factory receipt pending,F.Cu,2026-09-07,,,,Pending
U11,"PESD3V3L2BT,215",Nexperia,"PESD3V3L2BT,215",C55440,IR_Glasses:SOT-23,SOT-23; dual bidirectional ESD; VRWM 3.3V,1,2,5,JLC SMT domestic preferred,C55440,https://www.jlc-smt.com/lcsc/detail/C55440.html,FROZEN_EVT_E2,Domestic live stock unknown: WAF; fixed MPN; customer supply only if domestic shortage confirmed,F.Cu,2026-09-07,,,,Pending
D17,"PESD5V0S1BA,115",Nexperia,"PESD5V0S1BA,115",C19224,IR_Glasses:D_SOD-323,SOD-323; bidirectional ESD; VRWM 5V; 14V max at 12A 8/20us,1,2,5,JLC SMT domestic preferred,C19224,https://www.jlc-smt.com/lcsc/detail/C19224.html,FROZEN_EVT_E2,Domestic live stock unknown: WAF; fixed MPN; customer supply only if domestic shortage confirmed,F.Cu,2026-09-07,,,,Pending
FB1,600R@100MHz 500mA,Murata,BLM18AG601SN1D,C19330,IR_Glasses:L_0603_1608Metric,0603; 600ohm +/-25% at 100MHz; 500mA; DCR <=0.38ohm,1,2,10,JLC SMT domestic preferred,C19330,https://www.jlc-smt.com/lcsc/detail/C19330.html,FROZEN_EVT_E2,Domestic live stock unknown: WAF; fixed MPN; customer supply only if domestic shortage confirmed,F.Cu,2026-09-07,,,,Pending
R1,2.67k,Viking,ARG02FTC2671,C284464,IR_Glasses:R_0402_1005Metric,0402; 2.67kohm; 1%; 62.5mW; thin film,1,2,50,JLC SMT domestic preferred,C284464,https://www.jlc-smt.com/lcsc/detail/C284464.html,FROZEN_EVT_E2,Domestic live stock unknown: WAF; fixed MPN; customer supply only if domestic shortage confirmed,F.Cu,2026-09-07,,,,Pending
"R2,R3,R4,R10",10k,UNI-ROYAL,0402WGF1002TCE,C25744,IR_Glasses:R_0402_1005Metric,0402; 10kohm; 1%; 62.5mW; 50V,4,8,100,JLC SMT domestic preferred,C25744,https://www.jlc-smt.com/lcsc/detail/C25744.html,FROZEN_EVT_E2,Domestic live stock unknown: WAF; fixed MPN; customer supply only if domestic shortage confirmed,F.Cu,2026-09-07,,,,Pending
"R5,RF1,RF2,RF3,RF4,RF5,RF6,RF7,RF8,RF9,RF10,RF11,RF12,RF13,RF14,RF15,RF16",100k,UNI-ROYAL,0402WGF1003TCE,C25741,IR_Glasses:R_0402_1005Metric,0402; 100kohm; 1%; 62.5mW; 50V,17,34,100,JLC SMT domestic preferred,C25741,https://www.jlc-smt.com/lcsc/detail/C25741.html,FROZEN_EVT_E2,Domestic live stock unknown: WAF; fixed MPN; customer supply only if domestic shortage confirmed,F.Cu,2026-09-07,,,,Pending
"R6,R7",4.7k,UNI-ROYAL,0402WGF4701TCE,C25900,IR_Glasses:R_0402_1005Metric,0402; 4.7kohm; 1%; 62.5mW; 50V,2,4,100,JLC SMT domestic preferred,C25900,https://www.jlc-smt.com/lcsc/detail/C25900.html,FROZEN_EVT_E2,Domestic live stock unknown: WAF; fixed MPN; customer supply only if domestic shortage confirmed,F.Cu,2026-09-07,,,,Pending
"R8,R9",22,UNI-ROYAL,0402WGF220JTCE,C25092,IR_Glasses:R_0402_1005Metric,0402; 22ohm; 1%; 62.5mW; 50V,2,4,100,JLC SMT domestic preferred,C25092,https://www.jlc-smt.com/lcsc/detail/C25092.html,FROZEN_EVT_E2,Domestic live stock unknown: WAF; fixed MPN; customer supply only if domestic shortage confirmed,F.Cu,2026-09-07,,,,Pending
"R11,R12",100,UNI-ROYAL,0402WGF1000TCE,C25076,IR_Glasses:R_0402_1005Metric,0402; 100ohm; 1%; 62.5mW; 50V,2,4,100,JLC SMT domestic preferred,C25076,https://www.jlc-smt.com/lcsc/detail/C25076.html,FROZEN_EVT_E2,Domestic live stock unknown: WAF; fixed MPN; customer supply only if domestic shortage confirmed,F.Cu,2026-09-07,,,,Pending
R13,47,UNI-ROYAL,0402WGF470JTCE,C25118,IR_Glasses:R_0402_1005Metric,0402; 47ohm; 1%; 62.5mW; 50V,1,2,100,JLC SMT domestic preferred,C25118,https://www.jlc-smt.com/lcsc/detail/C25118.html,FROZEN_EVT_E2,Domestic live stock unknown: WAF; fixed MPN; customer supply only if domestic shortage confirmed,F.Cu,2026-09-07,,,,Pending
"U2,U3,U4,U5",TLV9064IPWR,Texas Instruments,TLV9064IPWR,C779410,IR_Glasses:TSSOP-14_4.4x5mm_P0.65mm,TSSOP-14 PW; 4.4x5mm; pitch 0.65mm,4,8,10,JLC SMT domestic preferred,C779410,https://www.jlc-smt.com/lcsc/detail/C779410.html,FROZEN_EVT_E2,Domestic live stock unknown: WAF; fixed MPN; customer supply only if domestic shortage confirmed,F.Cu,2026-09-07,,,,Pending
"PD1,PD2,PD3,PD4,PD5,PD6,PD7,PD8,PD9,PD10,PD11,PD12,PD13,PD14,PD15,PD16",PD15-21B/TR8,Everlight,PD15-21B/TR8,C2921391,IR_Glasses:Everlight_PD15_21B,2-SMD 3.2x1.5x1.1mm; peak 940nm; PIN; pin 1 A; pin 2 K,16,32,40,JLC SMT domestic preferred,C2921391,https://www.jlc-smt.com/lcsc/detail/C2921391.html,FROZEN_EVT_E2,Domestic live stock unknown: WAF; fixed MPN; customer supply only if domestic shortage confirmed,F.Cu,2026-09-07,,,,Pending
"D1,D2,D3,D4,D5,D6,D7,D8,D9,D10,D11,D12,D13,D14,D15,D16",IR11-21C/TR8,Everlight,IR11-21C/TR8,C16745,IR_Glasses:Everlight_IR11_21C,1206 3.0x1.5x1.5mm; 940nm; top emission; 100deg,16,32,40,JLC SMT domestic preferred,C16745,https://www.jlc-smt.com/lcsc/detail/C16745.html,FROZEN_EVT_E2,Domestic live stock unknown: WAF; fixed MPN; customer supply only if domestic shortage confirmed,F.Cu,2026-09-07,,,,Pending
"CF1,CF2,CF3,CF4,CF5,CF6,CF7,CF8,CF9,CF10,CF11,CF12,CF13,CF14,CF15,CF16",22p C0G,FH,0402CG220J500NT,C1555,IR_Glasses:C_0402_1005Metric,0402; 22pF; C0G; 5%; 50V,16,32,100,JLC SMT domestic preferred,C1555,https://www.jlc-smt.com/lcsc/detail/C1555.html,FROZEN_EVT_E2,Domestic live stock unknown: WAF; fixed MPN; customer supply only if domestic shortage confirmed,F.Cu,2026-09-07,,,,Pending
"U7,U8",TMUX1308PWR,Texas Instruments,TMUX1308PWR,C970231,IR_Glasses:TSSOP-16_4.4x5mm_P0.65mm,TSSOP-16 PW; 4.4x5mm; pitch 0.65mm,2,4,5,JLC SMT domestic preferred,C970231,https://www.jlc-smt.com/lcsc/detail/C970231.html,FROZEN_EVT_E2,Domestic live stock unknown: WAF; fixed MPN; customer supply only if domestic shortage confirmed,F.Cu,2026-09-07,,,,Pending
"C1,C18,C19,C20,C21,C22,C23,C24",1u,CCTC,TCC0402X7R105K160AT,C49210445,IR_Glasses:C_0402_1005Metric,0402; 1uF; X7R; 10%; 16V,8,16,50,JLC SMT domestic preferred,C49210445,https://www.jlc-smt.com/lcsc/detail/C49210445.html,FROZEN_EVT_E2,Domestic live stock unknown: WAF; fixed MPN; customer supply only if domestic shortage confirmed,F.Cu,2026-09-07,,,,Pending
"C2,C3,C4,C5,C6,C7,C8,C9,C10,C11,C12,C13,C14,C15,C16,C17,C31",100n,Samsung Electro-Mechanics,CL05B104KO5NNNC,C1525,IR_Glasses:C_0402_1005Metric,0402; 100nF; X7R; 10%; 16V,17,34,100,JLC SMT domestic preferred,C1525,https://www.jlc-smt.com/lcsc/detail/C1525.html,FROZEN_EVT_E2,Domestic live stock unknown: WAF; fixed MPN; customer supply only if domestic shortage confirmed,F.Cu,2026-09-07,,,,Pending
"C25,C26,C27",10u,Samsung Electro-Mechanics,CL10A106KP8NNNC,C19702,IR_Glasses:C_0603_1608Metric,0603; 10uF; X5R; 10%; 10V,3,6,20,JLC SMT domestic preferred,C19702,https://www.jlc-smt.com/lcsc/detail/C19702.html,FROZEN_EVT_E2,Domestic live stock unknown: WAF; fixed MPN; customer supply only if domestic shortage confirmed,F.Cu,2026-09-07,,,,Pending
C28,47u 16V X5R,YAGEO,CC1210KKX5R7BB476,C596320,IR_Glasses:C_1210_3225Metric,1210; 47uF; X5R; 10%; 16V,1,2,5,JLC SMT domestic preferred,C596320,https://www.jlc-smt.com/lcsc/detail/C596320.html,FROZEN_EVT_E2,Domestic live stock unknown: WAF; fixed MPN; customer supply only if domestic shortage confirmed,F.Cu,2026-09-07,,,,Pending
"C29,C30",1n,FH,0402CG102J500NT,C53547,IR_Glasses:C_0402_1005Metric,0402; 1nF; C0G; 5%; 50V,2,4,100,JLC SMT domestic preferred,C53547,https://www.jlc-smt.com/lcsc/detail/C53547.html,FROZEN_EVT_E2,Domestic live stock unknown: WAF; fixed MPN; customer supply only if domestic shortage confirmed,F.Cu,2026-09-07,,,,Pending
