Reference,Value,Footprint,Quantity,Populate,X_mm,Y_mm,Rotation_deg,Side,Manufacturer,MPN,LCSC
U9,STM32C031C6T6,IR_Glasses:LQFP-48_7x7mm_P0.5mm,1,Yes,110.0,63.0,0.0,front,STMicroelectronics,STM32C031C6T6,C5456218
U1,TLC59283RGER,IR_Glasses:Texas_RGE0024C_VQFN-24-1EP_4x4mm_P0.5mm_EP2.1x2.1mm,1,Yes,121.0,62.0,0.0,front,Texas Instruments,TLC59283RGER,C485815
U10,LSM6DS3TR-C,IR_Glasses:LGA-14_3x2.5mm_P0.5mm_LayoutBorder3x4y,1,Yes,110.0,71.3,0.0,front,STMicroelectronics,LSM6DS3TR-C,C967633
U6,TLV9061IDBVR,IR_Glasses:SOT-23-5,1,Yes,87.0,62.0,0.0,front,Texas Instruments,TLV9061IDBVR,C398358
J1,2492111-5,IR_Glasses:TE_2492111-5_1x05_P0.5mm_Horizontal,1,Yes,165.0,61.7,180.0,front,TE Connectivity,2492111-5,
J2,TC2050-IDC-NL / ARM2010,IR_Glasses:Tag-Connect_TC2050-IDC-NL_2x05_P1.27mm_Vertical,1,PCB pads only,55.5,61.0,0.0,front,,,
U11,"PESD3V3L2BT,215",IR_Glasses:SOT-23,1,Yes,167.5,67.0,0.0,front,Nexperia,"PESD3V3L2BT,215",C55440
D17,"PESD5V0S1BA,115",IR_Glasses:D_SOD-323,1,Yes,159.0,60.0,90.0,front,Nexperia,"PESD5V0S1BA,115",C19224
FB1,600R@100MHz 500mA,IR_Glasses:L_0603_1608Metric,1,Yes,89.0,67.0,0.0,front,Murata,BLM18AG601SN1D,C19330
NT1,AGND-GND star,IR_Glasses:NetTie-2_SMD_Pad0.5mm,1,PCB pads only,92.0,67.0,0.0,front,,,
R1,2.67k,IR_Glasses:R_0402_1005Metric,1,Yes,125.75,63.25,90.0,front,Viking,ARG02FTC2671,C284464
R2,10k,IR_Glasses:R_0402_1005Metric,1,Yes,85.0,59.5,0.0,front,UNI-ROYAL,0402WGF1002TCE,C25744
R3,10k,IR_Glasses:R_0402_1005Metric,1,Yes,86.0,64.5,0.0,front,UNI-ROYAL,0402WGF1002TCE,C25744
R4,10k,IR_Glasses:R_0402_1005Metric,1,Yes,103.5,61.0,0.0,front,UNI-ROYAL,0402WGF1002TCE,C25744
R5,100k,IR_Glasses:R_0402_1005Metric,1,Yes,115.8,61.0,90.0,front,UNI-ROYAL,0402WGF1003TCE,C25741
R6,4.7k,IR_Glasses:R_0402_1005Metric,1,Yes,113.0,70.0,0.0,front,UNI-ROYAL,0402WGF4701TCE,C25900
R7,4.7k,IR_Glasses:R_0402_1005Metric,1,Yes,113.5,72.0,90.0,front,UNI-ROYAL,0402WGF4701TCE,C25900
R8,22,IR_Glasses:R_0402_1005Metric,1,Yes,154.0,66.0,0.0,front,UNI-ROYAL,0402WGF220JTCE,C25092
R9,22,IR_Glasses:R_0402_1005Metric,1,Yes,170.0,69.5,0.0,front,UNI-ROYAL,0402WGF220JTCE,C25092
R10,10k,IR_Glasses:R_0402_1005Metric,1,Yes,125.75,60.0,90.0,front,UNI-ROYAL,0402WGF1002TCE,C25744
R11,100,IR_Glasses:R_0402_1005Metric,1,Yes,102.0,67.0,0.0,front,UNI-ROYAL,0402WGF1000TCE,C25076
R12,100,IR_Glasses:R_0402_1005Metric,1,Yes,116.0,67.0,90.0,front,UNI-ROYAL,0402WGF1000TCE,C25076
R13,47,IR_Glasses:R_0402_1005Metric,1,Yes,89.75,60.0,90.0,front,UNI-ROYAL,0402WGF470JTCE,C25118
U2,TLV9064IPWR,IR_Glasses:TSSOP-14_4.4x5mm_P0.65mm,1,Yes,77.5,60.5,0.0,front,Texas Instruments,TLV9064IPWR,C779410
U3,TLV9064IPWR,IR_Glasses:TSSOP-14_4.4x5mm_P0.65mm,1,Yes,67.0,61.4,0.0,front,Texas Instruments,TLV9064IPWR,C779410
PD1,PD15-21B/TR8,IR_Glasses:Everlight_PD15_21B,1,Yes,98.7722,94.7937,69.734,front,Everlight,PD15-21B/TR8,C2921391
D1,IR11-21C/TR8,IR_Glasses:Everlight_IR11_21C,1,Yes,96.7988,99.1302,60.632,front,Everlight,IR11-21C/TR8,C16745
RF1,100k,IR_Glasses:R_0402_1005Metric,1,Yes,72.888,58.875,90.0,front,UNI-ROYAL,0402WGF1003TCE,C25741
CF1,22p C0G,IR_Glasses:C_0402_1005Metric,1,Yes,72.888,60.875,90.0,front,FH,0402CG220J500NT,C1555
PD2,PD15-21B/TR8,IR_Glasses:Everlight_PD15_21B,1,Yes,86.2325,106.021,8.481,front,Everlight,PD15-21B/TR8,C2921391
D2,IR11-21C/TR8,IR_Glasses:Everlight_IR11_21C,1,Yes,81.3078,106.6029,6.53,front,Everlight,IR11-21C/TR8,C16745
RF2,100k,IR_Glasses:R_0402_1005Metric,1,Yes,74.638,63.875,0.0,front,UNI-ROYAL,0402WGF1003TCE,C25741
CF2,22p C0G,IR_Glasses:C_0402_1005Metric,1,Yes,72.888,62.875,90.0,front,FH,0402CG220J500NT,C1555
PD3,PD15-21B/TR8,IR_Glasses:Everlight_PD15_21B,1,Yes,65.5918,106.4508,-7.387,front,Everlight,PD15-21B/TR8,C2921391
D3,IR11-21C/TR8,IR_Glasses:Everlight_IR11_21C,1,Yes,60.7691,105.5578,-11.779,front,Everlight,IR11-21C/TR8,C16745
RF3,100k,IR_Glasses:R_0402_1005Metric,1,Yes,82.112,62.125,90.0,front,UNI-ROYAL,0402WGF1003TCE,C25741
CF3,22p C0G,IR_Glasses:C_0402_1005Metric,1,Yes,82.112,60.125,90.0,front,FH,0402CG220J500NT,C1555
PD4,PD15-21B/TR8,IR_Glasses:Everlight_PD15_21B,1,Yes,49.8952,98.5678,-64.946,front,Everlight,PD15-21B/TR8,C2921391
D4,IR11-21C/TR8,IR_Glasses:Everlight_IR11_21C,1,Yes,48.4901,93.9754,-74.093,front,Everlight,IR11-21C/TR8,C16745
RF4,100k,IR_Glasses:R_0402_1005Metric,1,Yes,82.612,58.375,0.0,front,UNI-ROYAL,0402WGF1003TCE,C25741
CF4,22p C0G,IR_Glasses:C_0402_1005Metric,1,Yes,83.362,60.125,90.0,front,FH,0402CG220J500NT,C1555
PD5,PD15-21B/TR8,IR_Glasses:Everlight_PD15_21B,1,Yes,45.894,78.5794,-88.524,front,Everlight,PD15-21B/TR8,C2921391
D5,IR11-21C/TR8,IR_Glasses:Everlight_IR11_21C,1,Yes,46.5765,73.926999,-102.15,front,Everlight,IR11-21C/TR8,C16745
RF5,100k,IR_Glasses:R_0402_1005Metric,1,Yes,62.388,59.775,90.0,front,UNI-ROYAL,0402WGF1003TCE,C25741
CF5,22p C0G,IR_Glasses:C_0402_1005Metric,1,Yes,64.138,58.025,0.0,front,FH,0402CG220J500NT,C1555
PD6,PD15-21B/TR8,IR_Glasses:Everlight_PD15_21B,1,Yes,58.0382,66.8263,-168.75,front,Everlight,PD15-21B/TR8,C2921391
D6,IR11-21C/TR8,IR_Glasses:Everlight_IR11_21C,1,Yes,62.9055,66.2981,-174.743,front,Everlight,IR11-21C/TR8,C16745
RF6,100k,IR_Glasses:R_0402_1005Metric,1,Yes,62.388,63.025,90.0,front,UNI-ROYAL,0402WGF1003TCE,C25741
CF6,22p C0G,IR_Glasses:C_0402_1005Metric,1,Yes,65.888,64.775,0.0,front,FH,0402CG220J500NT,C1555
PD7,PD15-21B/TR8,IR_Glasses:Everlight_PD15_21B,1,Yes,80.031,66.001599,176.212,front,Everlight,PD15-21B/TR8,C2921391
D7,IR11-21C/TR8,IR_Glasses:Everlight_IR11_21C,1,Yes,84.912,66.631599,172.509,front,Everlight,IR11-21C/TR8,C16745
RF7,100k,IR_Glasses:R_0402_1005Metric,1,Yes,69.862,64.775,0.0,front,UNI-ROYAL,0402WGF1003TCE,C25741
CF7,22p C0G,IR_Glasses:C_0402_1005Metric,1,Yes,71.612,63.025,90.0,front,FH,0402CG220J500NT,C1555
PD8,PD15-21B/TR8,IR_Glasses:Everlight_PD15_21B,1,Yes,101.8327,74.0665,106.613,front,Everlight,PD15-21B/TR8,C2921391
D8,IR11-21C/TR8,IR_Glasses:Everlight_IR11_21C,1,Yes,102.0915,78.7534,87.41,front,Everlight,IR11-21C/TR8,C16745
RF8,100k,IR_Glasses:R_0402_1005Metric,1,Yes,69.862,58.025,0.0,front,UNI-ROYAL,0402WGF1003TCE,C25741
CF8,22p C0G,IR_Glasses:C_0402_1005Metric,1,Yes,71.612,59.775,90.0,front,FH,0402CG220J500NT,C1555
U7,TMUX1308PWR,IR_Glasses:TSSOP-16_4.4x5mm_P0.65mm,1,Yes,95.0,62.0,0.0,front,Texas Instruments,TMUX1308PWR,C970231
U4,TLV9064IPWR,IR_Glasses:TSSOP-14_4.4x5mm_P0.65mm,1,Yes,142.5,60.5,0.0,front,Texas Instruments,TLV9064IPWR,C779410
U5,TLV9064IPWR,IR_Glasses:TSSOP-14_4.4x5mm_P0.65mm,1,Yes,153.0,61.4,0.0,front,Texas Instruments,TLV9064IPWR,C779410
PD9,PD15-21B/TR8,IR_Glasses:Everlight_PD15_21B,1,Yes,121.206099,94.7917,-70.355,front,Everlight,PD15-21B/TR8,C2921391
D9,IR11-21C/TR8,IR_Glasses:Everlight_IR11_21C,1,Yes,123.253199,99.2161,-63.186,front,Everlight,IR11-21C/TR8,C16745
RF9,100k,IR_Glasses:R_0402_1005Metric,1,Yes,137.888,58.875,90.0,front,UNI-ROYAL,0402WGF1003TCE,C25741
CF9,22p C0G,IR_Glasses:C_0402_1005Metric,1,Yes,137.888,60.875,90.0,front,FH,0402CG220J500NT,C1555
PD10,PD15-21B/TR8,IR_Glasses:Everlight_PD15_21B,1,Yes,133.767499,106.021,-8.481,front,Everlight,PD15-21B/TR8,C2921391
D10,IR11-21C/TR8,IR_Glasses:Everlight_IR11_21C,1,Yes,138.6922,106.6029,-6.53,front,Everlight,IR11-21C/TR8,C16745
RF10,100k,IR_Glasses:R_0402_1005Metric,1,Yes,137.888,62.875,90.0,front,UNI-ROYAL,0402WGF1003TCE,C25741
CF10,22p C0G,IR_Glasses:C_0402_1005Metric,1,Yes,136.638,62.125,90.0,front,FH,0402CG220J500NT,C1555
PD11,PD15-21B/TR8,IR_Glasses:Everlight_PD15_21B,1,Yes,154.4082,106.4508,7.387,front,Everlight,PD15-21B/TR8,C2921391
D11,IR11-21C/TR8,IR_Glasses:Everlight_IR11_21C,1,Yes,159.2309,105.5578,11.779,front,Everlight,IR11-21C/TR8,C16745
RF11,100k,IR_Glasses:R_0402_1005Metric,1,Yes,145.362,63.875,0.0,front,UNI-ROYAL,0402WGF1003TCE,C25741
CF11,22p C0G,IR_Glasses:C_0402_1005Metric,1,Yes,147.112,62.125,90.0,front,FH,0402CG220J500NT,C1555
PD12,PD15-21B/TR8,IR_Glasses:Everlight_PD15_21B,1,Yes,170.1048,98.5678,64.946,front,Everlight,PD15-21B/TR8,C2921391
D12,IR11-21C/TR8,IR_Glasses:Everlight_IR11_21C,1,Yes,171.5099,93.9754,74.093,front,Everlight,IR11-21C/TR8,C16745
RF12,100k,IR_Glasses:R_0402_1005Metric,1,Yes,147.112,58.875,90.0,front,UNI-ROYAL,0402WGF1003TCE,C25741
CF12,22p C0G,IR_Glasses:C_0402_1005Metric,1,Yes,148.362,58.875,90.0,front,FH,0402CG220J500NT,C1555
PD13,PD15-21B/TR8,IR_Glasses:Everlight_PD15_21B,1,Yes,174.106,78.5794,88.524,front,Everlight,PD15-21B/TR8,C2921391
D13,IR11-21C/TR8,IR_Glasses:Everlight_IR11_21C,1,Yes,173.4235,73.926999,102.15,front,Everlight,IR11-21C/TR8,C16745
RF13,100k,IR_Glasses:R_0402_1005Metric,1,Yes,150.138,58.025,0.0,front,UNI-ROYAL,0402WGF1003TCE,C25741
CF13,22p C0G,IR_Glasses:C_0402_1005Metric,1,Yes,148.388,61.025,90.0,front,FH,0402CG220J500NT,C1555
PD14,PD15-21B/TR8,IR_Glasses:Everlight_PD15_21B,1,Yes,161.961799,66.8263,168.75,front,Everlight,PD15-21B/TR8,C2921391
D14,IR11-21C/TR8,IR_Glasses:Everlight_IR11_21C,1,Yes,157.094499,66.2981,174.743,front,Everlight,IR11-21C/TR8,C16745
RF14,100k,IR_Glasses:R_0402_1005Metric,1,Yes,148.388,63.025,90.0,front,UNI-ROYAL,0402WGF1003TCE,C25741
CF14,22p C0G,IR_Glasses:C_0402_1005Metric,1,Yes,150.138,64.775,0.0,front,FH,0402CG220J500NT,C1555
PD15,PD15-21B/TR8,IR_Glasses:Everlight_PD15_21B,1,Yes,139.9941,65.9781,-174.859,front,Everlight,PD15-21B/TR8,C2921391
D15,IR11-21C/TR8,IR_Glasses:Everlight_IR11_21C,1,Yes,135.0707,66.5788,-173.002,front,Everlight,IR11-21C/TR8,C16745
RF15,100k,IR_Glasses:R_0402_1005Metric,1,Yes,158.112,64.025,0.0,front,UNI-ROYAL,0402WGF1003TCE,C25741
CF15,22p C0G,IR_Glasses:C_0402_1005Metric,1,Yes,154.112,64.775,0.0,front,FH,0402CG220J500NT,C1555
PD16,PD15-21B/TR8,IR_Glasses:Everlight_PD15_21B,1,Yes,118.1743,73.9765,-104.792,front,Everlight,PD15-21B/TR8,C2921391
D16,IR11-21C/TR8,IR_Glasses:Everlight_IR11_21C,1,Yes,117.9303,78.6886,-87.24,front,Everlight,IR11-21C/TR8,C16745
RF16,100k,IR_Glasses:R_0402_1005Metric,1,Yes,155.862,58.025,0.0,front,UNI-ROYAL,0402WGF1003TCE,C25741
CF16,22p C0G,IR_Glasses:C_0402_1005Metric,1,Yes,153.862,58.025,0.0,front,FH,0402CG220J500NT,C1555
U8,TMUX1308PWR,IR_Glasses:TSSOP-16_4.4x5mm_P0.65mm,1,Yes,131.0,61.5,0.0,front,Texas Instruments,TMUX1308PWR,C970231
C1,1u,IR_Glasses:C_0402_1005Metric,1,Yes,85.0,58.25,0.0,front,CCTC,TCC0402X7R105K160AT,C49210445
C2,100n,IR_Glasses:C_0402_1005Metric,1,Yes,121.25,58.562,0.0,front,Samsung Electro-Mechanics,CL05B104KO5NNNC,C1525
C3,100n,IR_Glasses:C_0402_1005Metric,1,Yes,76.388,64.5,90.0,front,Samsung Electro-Mechanics,CL05B104KO5NNNC,C1525
C4,100n,IR_Glasses:C_0402_1005Metric,1,Yes,61.888,58.15,0.0,front,Samsung Electro-Mechanics,CL05B104KO5NNNC,C1525
C5,100n,IR_Glasses:C_0402_1005Metric,1,Yes,136.638,60.0,90.0,front,Samsung Electro-Mechanics,CL05B104KO5NNNC,C1525
C6,100n,IR_Glasses:C_0402_1005Metric,1,Yes,147.888,64.65,0.0,front,Samsung Electro-Mechanics,CL05B104KO5NNNC,C1525
C7,100n,IR_Glasses:C_0402_1005Metric,1,Yes,88.138,59.55,0.0,front,Samsung Electro-Mechanics,CL05B104KO5NNNC,C1525
C8,100n,IR_Glasses:C_0402_1005Metric,1,Yes,97.862,58.475,0.0,front,Samsung Electro-Mechanics,CL05B104KO5NNNC,C1525
C9,100n,IR_Glasses:C_0402_1005Metric,1,Yes,133.862,57.975,0.0,front,Samsung Electro-Mechanics,CL05B104KO5NNNC,C1525
C10,100n,IR_Glasses:C_0402_1005Metric,1,Yes,112.75,68.913,0.0,front,Samsung Electro-Mechanics,CL05B104KO5NNNC,C1525
C11,100n,IR_Glasses:C_0402_1005Metric,1,Yes,104.088,64.25,90.0,front,Samsung Electro-Mechanics,CL05B104KO5NNNC,C1525
C12,100n,IR_Glasses:C_0402_1005Metric,1,Yes,112.412,72.05,90.0,front,Samsung Electro-Mechanics,CL05B104KO5NNNC,C1525
C13,100n,IR_Glasses:C_0402_1005Metric,1,Yes,107.5,72.212,90.0,front,Samsung Electro-Mechanics,CL05B104KO5NNNC,C1525
C14,100n,IR_Glasses:C_0402_1005Metric,1,Yes,170.5,68.05,0.0,front,Samsung Electro-Mechanics,CL05B104KO5NNNC,C1525
C15,100n,IR_Glasses:C_0402_1005Metric,1,Yes,87.75,65.0,90.0,front,Samsung Electro-Mechanics,CL05B104KO5NNNC,C1525
C16,100n,IR_Glasses:C_0402_1005Metric,1,Yes,119.25,58.562,0.0,front,Samsung Electro-Mechanics,CL05B104KO5NNNC,C1525
C17,100n,IR_Glasses:C_0402_1005Metric,1,Yes,104.0,58.838,90.0,front,Samsung Electro-Mechanics,CL05B104KO5NNNC,C1525
C18,1u,IR_Glasses:C_0402_1005Metric,1,Yes,116.0,58.25,90.0,front,CCTC,TCC0402X7R105K160AT,C49210445
C19,1u,IR_Glasses:C_0402_1005Metric,1,Yes,102.75,58.25,90.0,front,CCTC,TCC0402X7R105K160AT,C49210445
C20,1u,IR_Glasses:C_0402_1005Metric,1,Yes,114.75,72.0,90.0,front,CCTC,TCC0402X7R105K160AT,C49210445
C21,1u,IR_Glasses:C_0402_1005Metric,1,Yes,89.0,65.0,90.0,front,CCTC,TCC0402X7R105K160AT,C49210445
C22,1u,IR_Glasses:C_0402_1005Metric,1,Yes,68.0,65.25,90.0,front,CCTC,TCC0402X7R105K160AT,C49210445
C23,1u,IR_Glasses:C_0402_1005Metric,1,Yes,152.0,65.25,90.0,front,CCTC,TCC0402X7R105K160AT,C49210445
C24,1u,IR_Glasses:C_0402_1005Metric,1,Yes,159.25,57.75,0.0,front,CCTC,TCC0402X7R105K160AT,C49210445
C25,10u,IR_Glasses:C_0603_1608Metric,1,Yes,158.75,62.5,0.0,front,Samsung Electro-Mechanics,CL10A106KP8NNNC,C19702
C26,10u,IR_Glasses:C_0603_1608Metric,1,Yes,125.25,66.0,90.0,front,Samsung Electro-Mechanics,CL10A106KP8NNNC,C19702
C27,10u,IR_Glasses:C_0603_1608Metric,1,Yes,84.0,63.25,90.0,front,Samsung Electro-Mechanics,CL10A106KP8NNNC,C19702
C28,47u 16V X5R,IR_Glasses:C_1210_3225Metric,1,Yes,122.0,67.3,0.0,front,YAGEO,CC1210KKX5R7BB476,C596320
C29,1n,IR_Glasses:C_0402_1005Metric,1,Yes,103.5,69.0,0.0,front,FH,0402CG102J500NT,C53547
C30,1n,IR_Glasses:C_0402_1005Metric,1,Yes,116.0,69.0,0.0,front,FH,0402CG102J500NT,C53547
C31,100n,IR_Glasses:C_0402_1005Metric,1,Yes,90.25,65.0,90.0,front,Samsung Electro-Mechanics,CL05B104KO5NNNC,C1525
TP1,3V3,IR_Glasses:TestPoint_Pad_D1.0mm,1,PCB pads only,94.0,66.05,0.0,front,,,
TP2,GND,IR_Glasses:TestPoint_Pad_D1.0mm,1,PCB pads only,100.25,58.3,0.0,front,,,
TP3,UART_TX,IR_Glasses:TestPoint_Pad_D1.0mm,1,PCB pads only,100.25,60.55,0.0,front,,,
TP4,UART_RX,IR_Glasses:TestPoint_Pad_D1.0mm,1,PCB pads only,101.0,62.8,0.0,front,,,
TP5,BOOT_TX_PA9,IR_Glasses:TestPoint_Pad_D1.0mm,1,PCB pads only,102.25,65.05,0.0,front,,,
TP6,BOOT_RX_PA10,IR_Glasses:TestPoint_Pad_D1.0mm,1,PCB pads only,116.5,63.3,0.0,front,,,
TP7,SWCLK_BOOT0,IR_Glasses:TestPoint_Pad_D1.0mm,1,PCB pads only,117.75,65.8,0.0,front,,,
TP8,NRST,IR_Glasses:TestPoint_Pad_D1.0mm,1,PCB pads only,118.25,68.05,0.0,front,,,
TP9,VREF_1V65,IR_Glasses:TestPoint_Pad_D1.0mm,1,PCB pads only,127.25,65.55,0.0,front,,,
TP10,3V3,IR_Glasses:TestPoint_Pad_D1.0mm,1,PCB pads only,129.5,65.55,0.0,front,,,
TP11,IMU_INT,IR_Glasses:TestPoint_Pad_D1.0mm,1,PCB pads only,131.75,65.55,0.0,front,,,
TP12,3V3_A,IR_Glasses:TestPoint_Pad_D1.0mm,1,PCB pads only,143.75,65.55,0.0,front,,,
